list-none-none,1,10,1,30,69436,2314
list-none-none,1,100,1,300,97010,323
list-none-none,1,1000,1,3000,3860734,1286
list-none-none,1,10000,1,30000,690692365,23023
list-none-none,1,20000,1,60000,3841270230,64021
list-none-none,1,10,1,30,63567,2118
list-none-none,1,100,1,300,99679,332
list-none-none,1,1000,1,3000,3899629,1299
list-none-none,1,10000,1,30000,677194279,22573
list-none-none,1,20000,1,60000,3835636092,63927
list-none-none,2,1,1,6,67282,11213
list-none-none,4,1,1,12,120928,10077
list-none-none,8,1,1,24,218269,9094
list-none-none,12,1,1,36,268767,7465
list-none-none,2,10,1,60,63995,1066
list-none-none,8,10,1,240,2538346,10576
list-none-none,12,10,1,360,278440,773
list-i-none,2,1,1,6,52039,8673
list-i-none,4,1,1,12,140169,11680
list-i-none,8,1,1,24,217930,9080
list-i-none,12,1,1,36,297115,8253
list-i-none,2,2,1,12,56079,4673
list-i-none,4,2,1,24,127406,5308
list-i-none,12,2,1,72,269117,3737
list-i-none,2,4,1,24,46979,1957
list-i-none,4,4,1,48,85625,1783
list-i-none,8,4,1,96,239798,2497
list-i-none,12,4,1,144,278210,1932
list-i-none,2,8,1,48,56551,1178
list-i-none,4,8,1,96,105285,1096
list-i-none,8,8,1,192,246224,1282
list-i-none,12,8,1,288,286303,994
list-i-none,2,16,1,96,53446,556
list-i-none,4,16,1,192,97001,505
list-i-none,8,16,1,384,230142,599
list-i-none,12,16,1,576,294115,510
list-d-none,2,1,1,6,51770,8628
list-d-none,4,1,1,12,103369,8614
list-d-none,8,1,1,24,183372,7640
list-d-none,12,1,1,36,298857,8301
list-d-none,2,2,1,12,48800,4066
list-d-none,4,2,1,24,114649,4777
list-d-none,8,2,1,48,206169,4295
list-d-none,12,2,1,72,280066,3889
list-d-none,2,4,1,24,52305,2179
list-d-none,4,4,1,48,91681,1910
list-d-none,8,4,1,96,250603,2610
list-d-none,12,4,1,144,268556,1864
list-d-none,2,8,1,48,53450,1113
list-d-none,4,8,1,96,104715,1090
list-d-none,8,8,1,192,237742,1238
list-d-none,12,8,1,288,264956,919
list-d-none,2,16,1,96,52468,546
list-d-none,4,16,1,192,70711,368
list-d-none,8,16,1,384,252238,656
list-d-none,12,16,1,576,304848,529
list-d-none,2,32,1,192,63088,328
list-il-none,2,1,1,6,57829,9638
list-il-none,4,1,1,12,119884,9990
list-il-none,8,1,1,24,204392,8516
list-il-none,12,1,1,36,312167,8671
list-il-none,2,2,1,12,49646,4137
list-il-none,4,2,1,24,105096,4379
list-il-none,8,2,1,48,214112,4460
list-il-none,12,2,1,72,300140,4168
list-il-none,2,4,1,24,51920,2163
list-il-none,4,4,1,48,100315,2089
list-il-none,8,4,1,96,202893,2113
list-il-none,12,4,1,144,293490,2038
list-il-none,2,8,1,48,56427,1175
list-il-none,8,8,1,192,219279,1142
list-dl-none,2,1,1,6,52154,8692
list-dl-none,4,1,1,12,87940,7328
list-dl-none,8,1,1,24,286797,11949
Caught segfault
list-dl-none,2,2,1,12,50163,4180
Caught segfault
list-dl-none,8,2,1,48,190973,3978
list-dl-none,12,2,1,72,2531022,35153
list-dl-none,4,4,1,48,107681,2243
list-dl-none,8,4,1,96,220411,2295
Caught segfault
list-dl-none,2,8,1,48,59300,1235
list-dl-none,4,8,1,96,114651,1194
list-i-s,2,1,1,6,50444,8407
list-i-s,4,1,1,12,125494,10457
list-i-s,8,1,1,24,193825,8076
list-i-s,12,1,1,36,265964,7387
list-i-s,2,2,1,12,49327,4110
list-i-s,4,2,1,24,101604,4233
list-i-s,8,2,1,48,226182,4712
list-i-s,12,2,1,72,233750,3246
list-i-s,2,4,1,24,50953,2123
list-i-s,4,4,1,48,105428,2196
list-i-s,8,4,1,96,194899,2030
list-i-s,12,4,1,144,301164,2091
list-i-s,2,8,1,48,53324,1110
list-i-s,4,8,1,96,116193,1210
list-i-s,8,8,1,192,215357,1121
list-i-s,12,8,1,288,282479,980
list-i-s,2,16,1,96,54156,564
list-i-s,4,16,1,192,108134,563
list-i-s,8,16,1,384,242984,632
list-i-s,12,16,1,576,330326,573
list-i-s,2,32,1,192,85008,442
list-i-s,4,32,1,384,138277,360
list-i-s,8,32,1,768,4236551,5516
list-i-s,12,32,1,1152,17276141,14996
list-d-s,2,1,1,6,56509,9418
list-d-s,4,1,1,12,115934,9661
list-d-s,8,1,1,24,203615,8483
list-d-s,12,1,1,36,275148,7643
list-d-s,2,2,1,12,58927,4910
list-d-s,4,2,1,24,117130,4880
list-d-s,8,2,1,48,190594,3970
list-d-s,12,2,1,72,274397,3811
list-d-s,2,4,1,24,50133,2088
list-d-s,4,4,1,48,77603,1616
list-d-s,8,4,1,96,249072,2594
list-d-s,12,4,1,144,262778,1824
list-d-s,2,8,1,48,51810,1079
list-d-s,4,8,1,96,119199,1241
list-d-s,8,8,1,192,213266,1110
list-d-s,12,8,1,288,306973,1065
list-d-s,2,16,1,96,51814,539
list-d-s,4,16,1,192,108277,563
list-d-s,8,16,1,384,268654,699
list-d-s,12,16,1,576,304694,528
list-d-s,2,32,1,192,71327,371
list-d-s,4,32,1,384,130623,340
list-d-s,8,32,1,768,259360,337
list-d-s,12,32,1,1152,319068,276
list-il-s,2,1,1,6,51763,8627
list-il-s,4,1,1,12,100720,8393
list-il-s,8,1,1,24,223153,9298
list-il-s,12,1,1,36,308480,8568
list-il-s,2,2,1,12,51795,4316
list-il-s,4,2,1,24,90959,3789
list-il-s,8,2,1,48,266297,5547
list-il-s,12,2,1,72,295759,4107
list-il-s,2,4,1,24,54069,2252
list-il-s,4,4,1,48,93812,1954
list-il-s,8,4,1,96,221866,2311
list-il-s,12,4,1,144,276260,1918
list-il-s,2,8,1,48,68198,1420
list-il-s,4,8,1,96,99346,1034
list-il-s,8,8,1,192,248064,1292
list-il-s,12,8,1,288,320361,1112
list-il-s,2,16,1,96,87028,906
list-il-s,4,16,1,192,196770,1024
list-il-s,8,16,1,384,17038956,44372
list-il-s,12,16,1,576,49541296,86009
list-il-s,2,32,1,192,231855,1207
list-il-s,4,32,1,384,586915,1528
list-il-s,8,32,1,768,29743222,38728
list-il-s,12,32,1,1152,33905988,29432
list-dl-s,2,1,1,6,52752,8792
list-dl-s,4,1,1,12,1904725,158727
list-dl-s,8,1,1,24,254672,10611
list-dl-s,12,1,1,36,272469,7568
list-dl-s,2,2,1,12,50817,4234
list-dl-s,4,2,1,24,98363,4098
list-dl-s,8,2,1,48,174681,3639
list-dl-s,12,2,1,72,272692,3787
list-dl-s,2,4,1,24,57845,2410
list-dl-s,4,4,1,48,118057,2459
list-dl-s,8,4,1,96,252731,2632
list-dl-s,12,4,1,144,284768,1977
list-dl-s,2,8,1,48,57669,1201
list-dl-s,4,8,1,96,101227,1054
list-dl-s,8,8,1,192,210580,1096
list-dl-s,12,8,1,288,309087,1073
list-dl-s,2,16,1,96,89162,928
list-dl-s,4,16,1,192,136611,711
list-dl-s,8,16,1,384,15810704,41173
list-dl-s,12,16,1,576,21198453,36802
list-dl-s,2,32,1,192,174307,907
list-dl-s,4,32,1,384,778190,2026
list-dl-s,8,32,1,768,2226383,2898
list-dl-s,12,32,1,1152,15429251,13393
list-i-m,2,1,1,6,56377,9396
list-i-m,4,1,1,12,97683,8140
list-i-m,8,1,1,24,193639,8068
list-i-m,12,1,1,36,256364,7121
list-i-m,2,2,1,12,54357,4529
list-i-m,4,2,1,24,101394,4224
list-i-m,8,2,1,48,194896,4060
list-i-m,12,2,1,72,294545,4090
list-i-m,2,4,1,24,52829,2201
list-i-m,4,4,1,48,97048,2021
list-i-m,8,4,1,96,189820,1977
list-i-m,12,4,1,144,284854,1978
list-i-m,2,8,1,48,51437,1071
list-i-m,4,8,1,96,92027,958
list-i-m,8,8,1,192,233988,1218
list-i-m,12,8,1,288,246943,857
list-i-m,2,16,1,96,55245,575
list-i-m,4,16,1,192,111614,581
list-i-m,8,16,1,384,209359,545
list-i-m,12,16,1,576,329784,572
list-i-m,2,32,1,192,79901,416
list-i-m,4,32,1,384,266560,694
list-i-m,8,32,1,768,947010,1233
list-i-m,12,32,1,1152,1689301,1466
list-d-m,2,1,1,6,54402,9067
list-d-m,4,1,1,12,89857,7488
list-d-m,8,1,1,24,165661,6902
list-d-m,12,1,1,36,237420,6595
list-d-m,2,2,1,12,50659,4221
list-d-m,4,2,1,24,129081,5378
list-d-m,8,2,1,48,221599,4616
list-d-m,12,2,1,72,254165,3530
list-d-m,2,4,1,24,50996,2124
list-d-m,4,4,1,48,111085,2314
list-d-m,8,4,1,96,227564,2370
list-d-m,12,4,1,144,295706,2053
list-d-m,2,8,1,48,52539,1094
list-d-m,4,8,1,96,1485077,15469
list-d-m,8,8,1,192,244607,1273
list-d-m,12,8,1,288,242269,841
list-d-m,2,16,1,96,58035,604
list-d-m,4,16,1,192,80733,420
list-d-m,8,16,1,384,1629442,4243
list-d-m,12,16,1,576,470530,816
list-d-m,2,32,1,192,90789,472
list-d-m,4,32,1,384,348064,906
list-d-m,8,32,1,768,898885,1170
list-d-m,12,32,1,1152,1559236,1353
list-il-m,2,1,1,6,59130,9855
list-il-m,4,1,1,12,115903,9658
list-il-m,8,1,1,24,210839,8784
list-il-m,12,1,1,36,274691,7630
list-il-m,2,2,1,12,50752,4229
list-il-m,4,2,1,24,1245477,51894
list-il-m,8,2,1,48,196646,4096
list-il-m,12,2,1,72,288886,4012
list-il-m,2,4,1,24,54637,2276
list-il-m,4,4,1,48,82912,1727
list-il-m,8,4,1,96,171828,1789
list-il-m,12,4,1,144,311866,2165
list-il-m,2,8,1,48,58225,1213
list-il-m,4,8,1,96,161480,1682
list-il-m,8,8,1,192,230327,1199
list-il-m,12,8,1,288,496771,1724
list-il-m,2,16,1,96,144304,1503
list-il-m,4,16,1,192,385022,2005
list-il-m,8,16,1,384,782219,2037
list-il-m,12,16,1,576,1357138,2356
list-il-m,2,32,1,192,392705,2045
list-il-m,4,32,1,384,927235,2414
list-il-m,8,32,1,768,2822699,3675
list-il-m,12,32,1,1152,5488910,4764
list-dl-m,2,1,1,6,50341,8390
list-dl-m,4,1,1,12,121772,10147
list-dl-m,8,1,1,24,218458,9102
list-dl-m,12,1,1,36,253198,7033
list-dl-m,2,2,1,12,50648,4220
list-dl-m,4,2,1,24,76546,3189
list-dl-m,8,2,1,48,199756,4161
list-dl-m,12,2,1,72,254342,3532
list-dl-m,2,4,1,24,51763,2156
list-dl-m,4,4,1,48,103481,2155
list-dl-m,8,4,1,96,232169,2418
list-dl-m,12,4,1,144,245851,1707
list-dl-m,2,8,1,48,59396,1237
list-dl-m,4,8,1,96,116702,1215
list-dl-m,8,8,1,192,219848,1145
list-dl-m,12,8,1,288,354160,1229
list-dl-m,2,16,1,96,142766,1487
list-dl-m,4,16,1,192,326884,1702
list-dl-m,8,16,1,384,719329,1873
list-dl-m,12,16,1,576,1390410,2413
list-dl-m,2,32,1,192,357082,1859
list-dl-m,4,32,1,384,792649,2064
list-dl-m,8,32,1,768,3139404,4087
list-dl-m,12,32,1,1152,5652700,4906
list-none-none,1,10,1,30,61870,2062
list-none-none,1,100,1,300,99766,332
list-none-none,1,1000,1,3000,3893070,1297
list-none-none,1,10000,1,30000,688895008,22963
list-none-none,1,20000,1,60000,3782119925,63035
list-none-none,2,1,1,6,76930,12821
list-none-none,4,1,1,12,74023,6168
list-none-none,8,1,1,24,299803,12491
list-none-none,12,1,1,36,346018,9611
list-none-none,2,10,1,60,66108,1101
list-none-none,4,10,1,120,107140,892
list-none-none,8,10,1,240,221002,920
list-none-none,12,10,1,360,282010,783
list-i-none,2,1,1,6,61036,10172
list-i-none,4,1,1,12,102005,8500
list-i-none,8,1,1,24,281461,11727
list-i-none,12,1,1,36,261144,7254
list-i-none,2,2,1,12,53190,4432
list-i-none,4,2,1,24,101272,4219
list-i-none,8,2,1,48,204555,4261
list-i-none,12,2,1,72,1022057,14195
list-i-none,2,4,1,24,57948,2414
list-i-none,4,4,1,48,87456,1822
list-i-none,8,4,1,96,198671,2069
list-i-none,12,4,1,144,255942,1777
list-i-none,2,8,1,48,53113,1106
list-i-none,4,8,1,96,95974,999
list-i-none,8,8,1,192,220159,1146
list-i-none,12,8,1,288,283668,984
list-i-none,2,16,1,96,55199,574
list-i-none,4,16,1,192,99376,517
list-i-none,8,16,1,384,236669,616
list-i-none,12,16,1,576,305577,530
list-d-none,2,1,1,6,49305,8217
list-d-none,4,1,1,12,102054,8504
list-d-none,8,1,1,24,215231,8967
list-d-none,12,1,1,36,260468,7235
list-d-none,2,2,1,12,51802,4316
list-d-none,4,2,1,24,109298,4554
list-d-none,8,2,1,48,231787,4828
list-d-none,2,4,1,24,51224,2134
list-d-none,4,4,1,48,113488,2364
list-d-none,8,4,1,96,247406,2577
list-d-none,12,4,1,144,265619,1844
list-d-none,2,8,1,48,52146,1086
list-d-none,4,8,1,96,112778,1174
list-d-none,8,8,1,192,184222,959
list-d-none,12,8,1,288,344746,1197
list-d-none,2,16,1,96,63592,662
list-d-none,4,16,1,192,103265,537
list-d-none,8,16,1,384,218925,570
list-d-none,12,16,1,576,357228,620
list-d-none,2,32,1,192,73773,384
list-il-none,2,1,1,6,58443,9740
list-il-none,4,1,1,12,133416,11118
list-il-none,8,1,1,24,245076,10211
list-il-none,12,1,1,36,265667,7379
list-il-none,2,2,1,12,62831,5235
list-il-none,4,2,1,24,88479,3686
list-il-none,8,2,1,48,240560,5011
list-il-none,12,2,1,72,360716,5009
list-il-none,2,4,1,24,55968,2332
list-il-none,8,4,1,96,268532,2797
list-il-none,12,4,1,144,263960,1833
list-il-none,2,8,1,48,64918,1352
list-il-none,4,8,1,96,111298,1159
list-dl-none,2,1,1,6,71424,11904
list-dl-none,4,1,1,12,120592,10049
list-dl-none,8,1,1,24,236855,9868
list-dl-none,12,1,1,36,321578,8932
list-dl-none,2,2,1,12,51831,4319
list-dl-none,4,2,1,24,117594,4899
list-dl-none,8,2,1,48,220420,4592
list-dl-none,12,2,1,72,313634,4356
list-dl-none,2,4,1,24,51522,2146
list-dl-none,4,4,1,48,101681,2118
list-dl-none,8,4,1,96,191535,1995
list-dl-none,12,4,1,144,258740,1796
list-dl-none,2,8,1,48,62907,1310
list-dl-none,4,8,1,96,112458,1171
list-dl-none,2,32,1,192,2751391,14330
list-i-s,2,1,1,6,53999,8999
list-i-s,4,1,1,12,128100,10675
list-i-s,8,1,1,24,243403,10141
list-i-s,12,1,1,36,241388,6705
list-i-s,2,2,1,12,52697,4391
list-i-s,4,2,1,24,116595,4858
list-i-s,8,2,1,48,245005,5104
list-i-s,12,2,1,72,262105,3640
list-i-s,2,4,1,24,74422,3100
list-i-s,4,4,1,48,92001,1916
list-i-s,8,4,1,96,246724,2570
list-i-s,12,4,1,144,299551,2080
list-i-s,2,8,1,48,52420,1092
list-i-s,4,8,1,96,105141,1095
list-i-s,8,8,1,192,186611,971
list-i-s,12,8,1,288,259506,901
list-i-s,2,16,1,96,57762,601
list-i-s,4,16,1,192,99887,520
list-i-s,8,16,1,384,179890,468
list-i-s,12,16,1,576,380141,659
list-i-s,2,32,1,192,82905,431
list-i-s,4,32,1,384,136663,355
list-i-s,8,32,1,768,11461931,14924
list-i-s,12,32,1,1152,557587,484
list-d-s,2,1,1,6,50128,8354
list-d-s,4,1,1,12,105888,8824
list-d-s,8,1,1,24,224698,9362
list-d-s,12,1,1,36,311582,8655
list-d-s,2,2,1,12,46049,3837
list-d-s,4,2,1,24,109675,4569
list-d-s,8,2,1,48,238110,4960
list-d-s,12,2,1,72,259389,3602
list-d-s,2,4,1,24,6510059,271252
list-d-s,4,4,1,48,711175,14816
list-d-s,8,4,1,96,242392,2524
list-d-s,12,4,1,144,300845,2089
list-d-s,2,8,1,48,56443,1175
list-d-s,4,8,1,96,93844,977
list-d-s,8,8,1,192,272831,1420
list-d-s,12,8,1,288,84356901,292905
list-d-s,2,16,1,96,61362,639
list-d-s,4,16,1,192,106100,552
list-d-s,8,16,1,384,224711,585
list-d-s,12,16,1,576,287104,498
list-d-s,2,32,1,192,77308,402
list-d-s,4,32,1,384,115463,300
list-d-s,8,32,1,768,282518,367
list-d-s,12,32,1,1152,391271,339
list-il-s,2,1,1,6,51088,8514
list-il-s,4,1,1,12,102425,8535
list-il-s,8,1,1,24,216655,9027
list-il-s,12,1,1,36,256043,7112
list-il-s,2,2,1,12,53879,4489
list-il-s,4,2,1,24,106148,4422
list-il-s,8,2,1,48,197962,4124
list-il-s,12,2,1,72,246265,3420
list-il-s,2,4,1,24,60802,2533
list-il-s,4,4,1,48,74517,1552
list-il-s,8,4,1,96,204268,2127
list-il-s,12,4,1,144,244678,1699
list-il-s,2,8,1,48,57947,1207
list-il-s,4,8,1,96,142921,1488
list-il-s,8,8,1,192,231748,1207
list-il-s,12,8,1,288,314861,1093
list-il-s,2,16,1,96,90458,942
list-il-s,4,16,1,192,210925,1098
list-il-s,8,16,1,384,381436,993
list-il-s,12,16,1,576,20807806,36124
list-il-s,2,32,1,192,174943,911
list-il-s,4,32,1,384,428913,1116
list-il-s,8,32,1,768,8204219,10682
list-il-s,12,32,1,1152,13495448,11714
list-dl-s,2,1,1,6,51836,8639
list-dl-s,4,1,1,12,104414,8701
list-dl-s,8,1,1,24,210408,8767
list-dl-s,12,1,1,36,259393,7205
list-dl-s,2,2,1,12,52858,4404
list-dl-s,4,2,1,24,89844,3743
list-dl-s,8,2,1,48,229310,4777
list-dl-s,12,2,1,72,278990,3874
list-dl-s,2,4,1,24,53161,2215
list-dl-s,4,4,1,48,103221,2150
list-dl-s,8,4,1,96,224663,2340
list-dl-s,12,4,1,144,274674,1907
list-dl-s,2,8,1,48,58582,1220
list-dl-s,4,8,1,96,73740,768
list-dl-s,8,8,1,192,231922,1207
list-dl-s,12,8,1,288,315768,1096
list-dl-s,2,16,1,96,88559,922
list-dl-s,4,16,1,192,159201,829
list-dl-s,8,16,1,384,411400,1071
list-dl-s,12,16,1,576,586202,1017
list-dl-s,2,32,1,192,173890,905
list-dl-s,4,32,1,384,444458,1157
list-dl-s,8,32,1,768,1393185,1814
list-dl-s,12,32,1,1152,16003839,13892
list-i-m,2,1,1,6,59503,9917
list-i-m,4,1,1,12,106182,8848
list-i-m,8,1,1,24,204707,8529
list-i-m,12,1,1,36,294132,8170
list-i-m,2,2,1,12,50370,4197
list-i-m,4,2,1,24,101610,4233
list-i-m,8,2,1,48,232894,4851
list-i-m,12,2,1,72,252412,3505
list-i-m,2,4,1,24,53383,2224
list-i-m,4,4,1,48,96357,2007
list-i-m,8,4,1,96,234036,2437
list-i-m,12,4,1,144,294361,2044
list-i-m,2,8,1,48,61930,1290
list-i-m,4,8,1,96,103111,1074
list-i-m,8,8,1,192,239777,1248
list-i-m,12,8,1,288,286952,996
list-i-m,2,16,1,96,72780,758
list-i-m,4,16,1,192,107866,561
list-i-m,8,16,1,384,300098,781
list-i-m,12,16,1,576,545957,947
list-i-m,2,32,1,192,110132,573
list-i-m,4,32,1,384,345452,899
list-i-m,8,32,1,768,915845,1192
list-i-m,12,32,1,1152,1419972,1232
list-d-m,2,1,1,6,47186,7864
list-d-m,4,1,1,12,106463,8871
list-d-m,8,1,1,24,192784,8032
list-d-m,12,1,1,36,267382,7427
list-d-m,2,2,1,12,51569,4297
list-d-m,4,2,1,24,88755,3698
list-d-m,8,2,1,48,165807,3454
list-d-m,12,2,1,72,249078,3459
list-d-m,2,4,1,24,48511,2021
list-d-m,4,4,1,48,108048,2251
list-d-m,8,4,1,96,224113,2334
list-d-m,12,4,1,144,295472,2051
list-d-m,2,8,1,48,50140,1044
list-d-m,4,8,1,96,122180,1272
list-d-m,8,8,1,192,227628,1185
list-d-m,12,8,1,288,1895625,6582
list-d-m,2,16,1,96,59005,614
list-d-m,4,16,1,192,104438,543
list-d-m,8,16,1,384,246289,641
list-d-m,12,16,1,576,317751,551
list-d-m,2,32,1,192,81761,425
list-d-m,4,32,1,384,319380,831
list-d-m,8,32,1,768,701920,913
list-d-m,12,32,1,1152,1888287,1639
list-il-m,2,1,1,6,50767,8461
list-il-m,4,1,1,12,106660,8888
list-il-m,8,1,1,24,175735,7322
list-il-m,12,1,1,36,286312,7953
list-il-m,2,2,1,12,51846,4320
list-il-m,4,2,1,24,89991,3749
list-il-m,8,2,1,48,196424,4092
list-il-m,12,2,1,72,283678,3939
list-il-m,2,4,1,24,53412,2225
list-il-m,4,4,1,48,87222,1817
list-il-m,8,4,1,96,197556,2057
list-il-m,12,4,1,144,327622,2275
list-il-m,2,8,1,48,58331,1215
list-il-m,4,8,1,96,76972,801
list-il-m,8,8,1,192,388761,2024
list-il-m,12,8,1,288,612510,2126
list-il-m,2,16,1,96,165679,1725
list-il-m,4,16,1,192,312349,1626
list-il-m,8,16,1,384,908486,2365
list-il-m,12,16,1,576,1388588,2410
list-il-m,2,32,1,192,313604,1633
list-il-m,4,32,1,384,929853,2421
list-il-m,8,32,1,768,3010642,3920
list-il-m,12,32,1,1152,5336878,4632
list-dl-m,2,1,1,6,48069,8011
list-dl-m,4,1,1,12,110398,9199
list-dl-m,8,1,1,24,224146,9339
list-dl-m,12,1,1,36,282798,7855
list-dl-m,2,2,1,12,53751,4479
list-dl-m,4,2,1,24,90463,3769
list-dl-m,8,2,1,48,199114,4148
list-dl-m,12,2,1,72,267113,3709
list-dl-m,2,4,1,24,52093,2170
list-dl-m,4,4,1,48,97060,2022
list-dl-m,8,4,1,96,232340,2420
list-dl-m,12,4,1,144,250522,1739
list-dl-m,2,8,1,48,55004,1145
list-dl-m,4,8,1,96,191133,1990
list-dl-m,8,8,1,192,324576,1690
list-dl-m,12,8,1,288,425806,1478
list-dl-m,2,16,1,96,161878,1686
list-dl-m,4,16,1,192,278033,1448
list-dl-m,8,16,1,384,867946,2260
list-dl-m,12,16,1,576,1895955,3291
list-dl-m,2,32,1,192,372317,1939
list-dl-m,4,32,1,384,860385,2240
list-dl-m,8,32,1,768,2680053,3489
list-dl-m,12,32,1,1152,5941652,5157
list-none-none,1,10,1,30,59445,1981
list-none-none,1,100,1,300,95691,318
list-none-none,1,1000,1,3000,3862751,1287
list-none-none,1,10000,1,30000,697560716,23252
list-none-none,1,20000,1,60000,3781011486,63016
list-none-none,2,1,1,6,69456,11576
list-none-none,4,1,1,12,119943,9995
list-none-none,8,1,1,24,168055,7002
list-none-none,12,1,1,36,335182,9310
list-none-none,2,10,1,60,57832,963
list-none-none,4,10,1,120,107292,894
list-none-none,8,10,1,240,224524,935
list-none-none,4,100,1,1200,257146,214
list-none-none,8,100,1,2400,486155,202
list-i-none,2,1,1,6,60524,10087
list-i-none,4,1,1,12,100014,8334
list-i-none,8,1,1,24,229384,9557
list-i-none,12,1,1,36,296750,8243
list-i-none,2,2,1,12,55633,4636
list-i-none,4,2,1,24,109796,4574
list-i-none,8,2,1,48,200991,4187
list-i-none,12,2,1,72,310250,4309
list-i-none,2,4,1,24,52947,2206
list-i-none,4,4,1,48,100783,2099
list-i-none,8,4,1,96,231306,2409
list-i-none,12,4,1,144,265236,1841
list-i-none,2,8,1,48,50318,1048
list-i-none,4,8,1,96,109512,1140
list-i-none,8,8,1,192,196165,1021
list-i-none,12,8,1,288,251701,873
list-i-none,2,16,1,96,57488,598
list-i-none,12,16,1,576,300405,521
list-d-none,2,1,1,6,53724,8954
list-d-none,4,1,1,12,94990,7915
list-d-none,8,1,1,24,188994,7874
list-d-none,12,1,1,36,262424,7289
list-d-none,2,2,1,12,52629,4385
list-d-none,4,2,1,24,119195,4966
list-d-none,8,2,1,48,251815,5246
list-d-none,12,2,1,72,246150,3418
list-d-none,2,4,1,24,53265,2219
list-d-none,4,4,1,48,103581,2157
list-d-none,8,4,1,96,227329,2368
list-d-none,12,4,1,144,280088,1945
list-d-none,2,8,1,48,49706,1035
list-d-none,4,8,1,96,103943,1082
list-d-none,8,8,1,192,246098,1281
list-d-none,12,8,1,288,303103,1052
list-d-none,2,16,1,96,54398,566
list-d-none,4,16,1,192,91725,477
list-d-none,8,16,1,384,230881,601
list-d-none,12,16,1,576,322214,559
list-d-none,2,32,1,192,72566,377
list-il-none,2,1,1,6,52460,8743
list-il-none,4,1,1,12,221903,18491
list-il-none,8,1,1,24,247857,10327
list-il-none,12,1,1,36,238590,6627
list-il-none,2,2,1,12,52413,4367
list-il-none,4,2,1,24,108460,4519
list-il-none,8,2,1,48,191204,3983
list-il-none,12,2,1,72,260905,3623
list-il-none,2,4,1,24,52187,2174
list-il-none,4,4,1,48,91130,1898
list-il-none,8,4,1,96,216026,2250
list-il-none,12,4,1,144,338247,2348
list-il-none,2,8,1,48,55912,1164
list-il-none,8,8,1,192,202318,1053
list-il-none,12,8,1,288,267809,929
list-dl-none,2,1,1,6,58426,9737
list-dl-none,4,1,1,12,107016,8918
list-dl-none,8,1,1,24,171132,7130
list-dl-none,12,1,1,36,265550,7376
Caught segfault
list-dl-none,4,2,1,24,118260,4927
list-dl-none,8,2,1,48,229939,4790
list-dl-none,12,2,1,72,235303,3268
list-dl-none,2,4,1,24,57911,2412
list-dl-none,4,4,1,48,97729,2036
list-dl-none,8,4,1,96,238008,2479
list-dl-none,12,4,1,144,245378,1704
list-dl-none,2,8,1,48,55081,1147
list-dl-none,8,8,1,192,231450,1205
list-i-s,2,1,1,6,49222,8203
list-i-s,4,1,1,12,100440,8370
list-i-s,8,1,1,24,218898,9120
list-i-s,12,1,1,36,261548,7265
list-i-s,2,2,1,12,53422,4451
list-i-s,4,2,1,24,102358,4264
list-i-s,8,2,1,48,189854,3955
list-i-s,12,2,1,72,281179,3905
list-i-s,2,4,1,24,56044,2335
list-i-s,4,4,1,48,78914,1644
list-i-s,8,4,1,96,215239,2242
list-i-s,12,4,1,144,326152,2264
list-i-s,2,8,1,48,52019,1083
list-i-s,4,8,1,96,84801,883
list-i-s,8,8,1,192,194007,1010
list-i-s,12,8,1,288,68871162,239135
list-i-s,2,16,1,96,65328,680
list-i-s,4,16,1,192,96421,502
list-i-s,8,16,1,384,232532,605
list-i-s,12,16,1,576,279574,485
list-i-s,2,32,1,192,82235,428
list-i-s,4,32,1,384,132188,344
list-i-s,8,32,1,768,3015317,3926
list-i-s,12,32,1,1152,1409166,1223
list-d-s,2,1,1,6,51001,8500
list-d-s,4,1,1,12,88284,7357
list-d-s,8,1,1,24,188724,7863
list-d-s,12,1,1,36,310436,8623
list-d-s,2,2,1,12,54788,4565
list-d-s,4,2,1,24,110618,4609
list-d-s,8,2,1,48,181219,3775
list-d-s,12,2,1,72,250443,3478
list-d-s,2,4,1,24,49731,2072
list-d-s,4,4,1,48,86796,1808
list-d-s,8,4,1,96,256514,2672
list-d-s,12,4,1,144,1280409,8891
list-d-s,2,8,1,48,53344,1111
list-d-s,4,8,1,96,124019,1291
list-d-s,8,8,1,192,216106,1125
list-d-s,12,8,1,288,267750,929
list-d-s,2,16,1,96,56536,588
list-d-s,4,16,1,192,105956,551
list-d-s,8,16,1,384,244769,637
list-d-s,12,16,1,576,335335,582
list-d-s,2,32,1,192,75980,395
list-d-s,4,32,1,384,108998,283
list-d-s,8,32,1,768,212804,277
list-d-s,12,32,1,1152,328163,284
list-il-s,2,1,1,6,49221,8203
list-il-s,4,1,1,12,120746,10062
list-il-s,8,1,1,24,191111,7962
list-il-s,12,1,1,36,277433,7706
list-il-s,2,2,1,12,47545,3962
list-il-s,4,2,1,24,1584690,66028
list-il-s,8,2,1,48,223319,4652
list-il-s,12,2,1,72,3594291,49920
list-il-s,2,4,1,24,52677,2194
list-il-s,4,4,1,48,93196,1941
list-il-s,8,4,1,96,207365,2160
list-il-s,12,4,1,144,275525,1913
list-il-s,2,8,1,48,2724111,56752
list-il-s,4,8,1,96,76032,792
list-il-s,8,8,1,192,1543471,8038
list-il-s,12,8,1,288,307687,1068
list-il-s,2,16,1,96,118065,1229
list-il-s,4,16,1,192,211309,1100
list-il-s,8,16,1,384,486482,1266
list-il-s,12,16,1,576,10370222,18003
list-il-s,2,32,1,192,294662,1534
list-il-s,4,32,1,384,519242,1352
list-il-s,8,32,1,768,38820679,50547
list-il-s,12,32,1,1152,39066117,33911
list-dl-s,2,1,1,6,51876,8646
list-dl-s,4,1,1,12,98702,8225
list-dl-s,8,1,1,24,204363,8515
list-dl-s,12,1,1,36,255161,7087
list-dl-s,2,2,1,12,54419,4534
list-dl-s,4,2,1,24,75800,3158
list-dl-s,8,2,1,48,218056,4542
list-dl-s,12,2,1,72,274224,3808
list-dl-s,2,4,1,24,55447,2310
list-dl-s,4,4,1,48,76253,1588
list-dl-s,8,4,1,96,239434,2494
list-dl-s,12,4,1,144,249598,1733
list-dl-s,2,8,1,48,57583,1199
list-dl-s,4,8,1,96,109508,1140
list-dl-s,8,8,1,192,235334,1225
list-dl-s,12,8,1,288,309536,1074
list-dl-s,2,16,1,96,94922,988
list-dl-s,4,16,1,192,3360338,17501
list-dl-s,8,16,1,384,9740794,25366
list-dl-s,12,16,1,576,1891413,3283
list-dl-s,2,32,1,192,268679,1399
list-dl-s,4,32,1,384,381651,993
list-dl-s,8,32,1,768,17139671,22317
list-dl-s,12,32,1,1152,19981989,17345
list-i-m,2,1,1,6,52344,8724
list-i-m,4,1,1,12,104073,8672
list-i-m,8,1,1,24,190098,7920
list-i-m,12,1,1,36,284287,7896
list-i-m,2,2,1,12,52214,4351
list-i-m,4,2,1,24,91974,3832
list-i-m,8,2,1,48,207581,4324
list-i-m,12,2,1,72,237949,3304
list-i-m,2,4,1,24,57027,2376
list-i-m,4,4,1,48,110916,2310
list-i-m,8,4,1,96,198098,2063
list-i-m,12,4,1,144,285018,1979
list-i-m,2,8,1,48,55269,1151
list-i-m,4,8,1,96,113651,1183
list-i-m,8,8,1,192,195548,1018
list-i-m,12,8,1,288,311385,1081
list-i-m,2,16,1,96,59030,614
list-i-m,4,16,1,192,69642,362
list-i-m,8,16,1,384,248731,647
list-i-m,12,16,1,576,332285,576
list-i-m,2,32,1,192,125493,653
list-i-m,4,32,1,384,279571,728
list-i-m,8,32,1,768,883823,1150
list-i-m,12,32,1,1152,1725124,1497
list-d-m,2,1,1,6,54196,9032
list-d-m,4,1,1,12,125778,10481
list-d-m,8,1,1,24,169158,7048
list-d-m,12,1,1,36,276412,7678
list-d-m,2,2,1,12,52338,4361
list-d-m,4,2,1,24,100685,4195
list-d-m,8,2,1,48,222506,4635
list-d-m,12,2,1,72,280963,3902
list-d-m,2,4,1,24,53620,2234
list-d-m,4,4,1,48,92319,1923
list-d-m,8,4,1,96,198037,2062
list-d-m,12,4,1,144,250095,1736
list-d-m,2,8,1,48,53913,1123
list-d-m,4,8,1,96,98217,1023
list-d-m,8,8,1,192,208560,1086
list-d-m,12,8,1,288,267969,930
list-d-m,2,16,1,96,52407,545
list-d-m,4,16,1,192,83865,436
list-d-m,8,16,1,384,295195,768
list-d-m,12,16,1,576,360441,625
list-d-m,2,32,1,192,127862,665
list-d-m,4,32,1,384,341600,889
list-d-m,8,32,1,768,820987,1068
list-d-m,12,32,1,1152,1364876,1184
list-il-m,2,1,1,6,54374,9062
list-il-m,4,1,1,12,89017,7418
list-il-m,8,1,1,24,217877,9078
list-il-m,12,1,1,36,272454,7568
list-il-m,2,2,1,12,54031,4502
list-il-m,4,2,1,24,101823,4242
list-il-m,8,2,1,48,197934,4123
list-il-m,12,2,1,72,244721,3398
list-il-m,2,4,1,24,53647,2235
list-il-m,4,4,1,48,99590,2074
list-il-m,8,4,1,96,215532,2245
list-il-m,12,4,1,144,309691,2150
list-il-m,2,8,1,48,83799,1745
list-il-m,4,8,1,96,112329,1170
list-il-m,8,8,1,192,385424,2007
list-il-m,12,8,1,288,304070,1055
list-il-m,2,16,1,96,161780,1685
list-il-m,4,16,1,192,305349,1590
list-il-m,8,16,1,384,1153323,3003
list-il-m,12,16,1,576,1521975,2642
list-il-m,2,32,1,192,299476,1559
list-il-m,4,32,1,384,928943,2419
list-il-m,8,32,1,768,2352825,3063
list-il-m,12,32,1,1152,5470629,4748
list-dl-m,2,1,1,6,50751,8458
list-dl-m,4,1,1,12,114335,9527
list-dl-m,8,1,1,24,181644,7568
list-dl-m,12,1,1,36,267671,7435
list-dl-m,2,2,1,12,52563,4380
list-dl-m,4,2,1,24,99768,4157
list-dl-m,8,2,1,48,202501,4218
list-dl-m,12,2,1,72,263800,3663
list-dl-m,2,4,1,24,51406,2141
list-dl-m,4,4,1,48,97543,2032
list-dl-m,8,4,1,96,194077,2021
list-dl-m,12,4,1,144,335122,2327
list-dl-m,2,8,1,48,55240,1150
list-dl-m,4,8,1,96,215284,2242
list-dl-m,8,8,1,192,323843,1686
list-dl-m,12,8,1,288,321037,1114
list-dl-m,2,16,1,96,146138,1522
list-dl-m,4,16,1,192,314059,1635
list-dl-m,8,16,1,384,826449,2152
list-dl-m,12,16,1,576,1305864,2267
list-dl-m,2,32,1,192,298953,1557
list-dl-m,4,32,1,384,960278,2500
list-dl-m,8,32,1,768,2902905,3779
list-dl-m,12,32,1,1152,4954118,4300
list-none-none,1,10,1,30,57104,1903
list-none-none,1,100,1,300,94116,313
list-none-none,1,1000,1,3000,3860036,1286
list-none-none,1,10000,1,30000,671275488,22375
list-none-none,1,20000,1,60000,3760224806,62670
list-none-none,2,1,1,6,78583,13097
list-none-none,4,1,1,12,137187,11432
list-none-none,8,1,1,24,167504,6979
list-none-none,12,1,1,36,287733,7992
list-none-none,2,10,1,60,61684,1028
list-none-none,4,10,1,120,94134,784
list-none-none,8,10,1,240,180190,750
list-i-none,2,1,1,6,51307,8551
list-i-none,4,1,1,12,84625,7052
list-i-none,8,1,1,24,221236,9218
list-i-none,12,1,1,36,239885,6663
list-i-none,2,2,1,12,54649,4554
list-i-none,4,2,1,24,107108,4462
list-i-none,8,2,1,48,218614,4554
list-i-none,12,2,1,72,277552,3854
list-i-none,2,4,1,24,58866,2452
list-i-none,8,4,1,96,224438,2337
list-i-none,12,4,1,144,264178,1834
list-i-none,2,8,1,48,55005,1145
list-i-none,4,8,1,96,93344,972
list-i-none,8,8,1,192,249181,1297
list-i-none,12,8,1,288,261972,909
list-i-none,2,16,1,96,57412,598
list-i-none,4,16,1,192,95900,499
list-d-none,2,1,1,6,49885,8314
list-d-none,4,1,1,12,89063,7421
list-d-none,8,1,1,24,210744,8781
list-d-none,12,1,1,36,294238,8173
list-d-none,2,2,1,12,52037,4336
list-d-none,4,2,1,24,100833,4201
list-d-none,8,2,1,48,202784,4224
list-d-none,12,2,1,72,266091,3695
list-d-none,2,4,1,24,47335,1972
list-d-none,4,4,1,48,73112,1523
list-d-none,8,4,1,96,214528,2234
list-d-none,12,4,1,144,267320,1856
list-d-none,2,8,1,48,47313,985
list-d-none,4,8,1,96,97143,1011
list-d-none,8,8,1,192,190101,990
list-d-none,12,8,1,288,259286,900
list-d-none,2,16,1,96,51775,539
list-d-none,4,16,1,192,107993,562
list-d-none,8,16,1,384,206717,538
list-d-none,12,16,1,576,337382,585
list-il-none,2,1,1,6,53500,8916
list-il-none,8,1,1,24,209221,8717
list-il-none,12,1,1,36,286519,7958
list-il-none,2,2,1,12,51532,4294
list-il-none,4,2,1,24,104449,4352
list-il-none,8,2,1,48,177863,3705
list-il-none,12,2,1,72,255092,3542
list-il-none,2,4,1,24,50129,2088
list-il-none,4,4,1,48,119047,2480
list-il-none,12,4,1,144,751638,5219
list-il-none,2,8,1,48,55853,1163
list-il-none,4,8,1,96,100639,1048
list-il-none,8,8,1,192,224249,1167
list-il-none,12,8,1,288,267737,929
list-il-none,2,16,1,96,88479,921
list-dl-none,2,1,1,6,49645,8274
list-dl-none,4,1,1,12,121171,10097
list-dl-none,8,1,1,24,225795,9408
list-dl-none,12,1,1,36,280155,7782
list-dl-none,2,2,1,12,53421,4451
list-dl-none,4,2,1,24,111827,4659
list-dl-none,8,2,1,48,205591,4283
list-dl-none,12,2,1,72,253598,3522
list-dl-none,2,4,1,24,53915,2246
list-dl-none,4,4,1,48,106729,2223
list-dl-none,8,4,1,96,203002,2114
list-dl-none,12,4,1,144,270067,1875
list-dl-none,2,8,1,48,59655,1242
list-dl-none,4,8,1,96,76846,800
list-dl-none,8,8,1,192,187151,974
list-dl-none,12,8,1,288,316860,1100
list-dl-none,2,16,1,96,79887,832
list-i-s,2,1,1,6,52748,8791
list-i-s,4,1,1,12,99431,8285
list-i-s,8,1,1,24,238404,9933
list-i-s,12,1,1,36,262754,7298
list-i-s,2,2,1,12,50694,4224
list-i-s,4,2,1,24,107286,4470
list-i-s,8,2,1,48,201373,4195
list-i-s,12,2,1,72,273161,3793
list-i-s,2,4,1,24,49935,2080
list-i-s,4,4,1,48,106991,2228
list-i-s,8,4,1,96,217617,2266
list-i-s,12,4,1,144,256171,1778
list-i-s,2,8,1,48,56166,1170
list-i-s,4,8,1,96,93648,975
list-i-s,8,8,1,192,200933,1046
list-i-s,12,8,1,288,258854,898
list-i-s,2,16,1,96,52769,549
list-i-s,4,16,1,192,86143,448
list-i-s,8,16,1,384,34998067,91140
list-i-s,12,16,1,576,323357,561
list-i-s,2,32,1,192,73713,383
list-i-s,4,32,1,384,11919675,31040
list-i-s,8,32,1,768,29671605,38634
list-i-s,12,32,1,1152,13573725,11782
list-d-s,2,1,1,6,54884,9147
list-d-s,4,1,1,12,104757,8729
list-d-s,8,1,1,24,197327,8221
list-d-s,12,1,1,36,260475,7235
list-d-s,2,2,1,12,56818,4734
list-d-s,4,2,1,24,111116,4629
list-d-s,8,2,1,48,196440,4092
list-d-s,12,2,1,72,231606,3216
list-d-s,2,4,1,24,52033,2168
list-d-s,4,4,1,48,108221,2254
list-d-s,8,4,1,96,2910164,30314
list-d-s,12,4,1,144,259899,1804
list-d-s,2,8,1,48,51711,1077
list-d-s,4,8,1,96,99086,1032
list-d-s,8,8,1,192,193389,1007
list-d-s,12,8,1,288,269244,934
list-d-s,2,16,1,96,53503,557
list-d-s,4,16,1,192,98718,514
list-d-s,8,16,1,384,220056,573
list-d-s,12,16,1,576,318609,553
list-d-s,2,32,1,192,67815,353
list-d-s,4,32,1,384,98948,257
list-d-s,8,32,1,768,210197,273
list-d-s,12,32,1,1152,450782,391
list-il-s,2,1,1,6,48727,8121
list-il-s,4,1,1,12,101450,8454
list-il-s,8,1,1,24,191883,7995
list-il-s,12,1,1,36,250138,6948
list-il-s,2,2,1,12,54295,4524
list-il-s,4,2,1,24,89632,3734
list-il-s,8,2,1,48,209274,4359
list-il-s,12,2,1,72,267588,3716
list-il-s,2,4,1,24,49389,2057
list-il-s,4,4,1,48,113576,2366
list-il-s,8,4,1,96,230808,2404
list-il-s,12,4,1,144,323276,2244
list-il-s,2,8,1,48,53997,1124
list-il-s,4,8,1,96,87974,916
list-il-s,8,8,1,192,217363,1132
list-il-s,12,8,1,288,287563,998
list-il-s,2,16,1,96,121160,1262
list-il-s,4,16,1,192,178032,927
list-il-s,8,16,1,384,413751,1077
list-il-s,12,16,1,576,2869659,4982
list-il-s,2,32,1,192,180777,941
list-il-s,4,32,1,384,558376,1454
list-il-s,8,32,1,768,1024052,1333
list-il-s,12,32,1,1152,22763992,19760
list-dl-s,2,1,1,6,53805,8967
list-dl-s,4,1,1,12,108164,9013
list-dl-s,8,1,1,24,209076,8711
list-dl-s,12,1,1,36,254995,7083
list-dl-s,2,2,1,12,45854,3821
list-dl-s,4,2,1,24,83608,3483
list-dl-s,8,2,1,48,178159,3711
list-dl-s,12,2,1,72,244223,3391
list-dl-s,2,4,1,24,58032,2418
list-dl-s,4,4,1,48,103719,2160
list-dl-s,8,4,1,96,208482,2171
list-dl-s,12,4,1,144,259247,1800
list-dl-s,2,8,1,48,58299,1214
list-dl-s,4,8,1,96,111454,1160
list-dl-s,8,8,1,192,248810,1295
list-dl-s,12,8,1,288,312992,1086
list-dl-s,2,16,1,96,85152,887
list-dl-s,4,16,1,192,190334,991
list-dl-s,8,16,1,384,352171,917
list-dl-s,12,16,1,576,16004927,27786
list-dl-s,2,32,1,192,186831,973
list-dl-s,4,32,1,384,469595,1222
list-dl-s,8,32,1,768,13170137,17148
list-dl-s,12,32,1,1152,28874451,25064
list-i-m,2,1,1,6,53657,8942
list-i-m,4,1,1,12,98736,8228
list-i-m,8,1,1,24,198585,8274
list-i-m,12,1,1,36,255840,7106
list-i-m,2,2,1,12,50227,4185
list-i-m,4,2,1,24,102737,4280
list-i-m,8,2,1,48,205051,4271
list-i-m,12,2,1,72,258655,3592
list-i-m,2,4,1,24,54212,2258
list-i-m,4,4,1,48,91735,1911
list-i-m,8,4,1,96,221626,2308
list-i-m,12,4,1,144,271359,1884
list-i-m,2,8,1,48,52886,1101
list-i-m,4,8,1,96,131885,1373
list-i-m,8,8,1,192,238850,1244
list-i-m,12,8,1,288,241648,839
list-i-m,2,16,1,96,1528302,15919
list-i-m,4,16,1,192,121951,635
list-i-m,8,16,1,384,259388,675
list-i-m,12,16,1,576,318451,552
list-i-m,2,32,1,192,124938,650
list-i-m,4,32,1,384,226074,588
list-i-m,8,32,1,768,897244,1168
list-i-m,12,32,1,1152,1256148,1090
list-d-m,2,1,1,6,50164,8360
list-d-m,4,1,1,12,128439,10703
list-d-m,8,1,1,24,225016,9375
list-d-m,12,1,1,36,266892,7413
list-d-m,2,2,1,12,51804,4317
list-d-m,4,2,1,24,119820,4992
list-d-m,8,2,1,48,223009,4646
list-d-m,12,2,1,72,264221,3669
list-d-m,2,4,1,24,49690,2070
list-d-m,4,4,1,48,83510,1739
list-d-m,8,4,1,96,182669,1902
list-d-m,12,4,1,144,278954,1937
list-d-m,2,8,1,48,49707,1035
list-d-m,4,8,1,96,92061,958
list-d-m,8,8,1,192,204372,1064
list-d-m,12,8,1,288,248248,861
list-d-m,2,16,1,96,67494,703
list-d-m,4,16,1,192,75585,393
list-d-m,8,16,1,384,329989,859
list-d-m,12,16,1,576,291858,506
list-d-m,2,32,1,192,100936,525
list-d-m,4,32,1,384,388539,1011
list-d-m,8,32,1,768,1319110,1717
list-d-m,12,32,1,1152,1481246,1285
list-il-m,2,1,1,6,49289,8214
list-il-m,4,1,1,12,112944,9412
list-il-m,8,1,1,24,174674,7278
list-il-m,12,1,1,36,272135,7559
list-il-m,2,2,1,12,47038,3919
list-il-m,4,2,1,24,99679,4153
list-il-m,8,2,1,48,1512414,31508
list-il-m,12,2,1,72,249319,3462
list-il-m,2,4,1,24,57924,2413
list-il-m,4,4,1,48,102977,2145
list-il-m,8,4,1,96,192581,2006
list-il-m,12,4,1,144,274294,1904
list-il-m,2,8,1,48,83342,1736
list-il-m,4,8,1,96,171103,1782
list-il-m,8,8,1,192,250277,1303
list-il-m,12,8,1,288,312742,1085
list-il-m,2,16,1,96,147675,1538
list-il-m,4,16,1,192,298470,1554
list-il-m,8,16,1,384,823572,2144
list-il-m,12,16,1,576,1472637,2556
list-il-m,2,32,1,192,294288,1532
list-il-m,4,32,1,384,982071,2557
list-il-m,8,32,1,768,2179512,2837
list-il-m,12,32,1,1152,5705650,4952
list-dl-m,2,1,1,6,50672,8445
list-dl-m,4,1,1,12,98830,8235
list-dl-m,8,1,1,24,182495,7603
list-dl-m,12,1,1,36,260698,7241
list-dl-m,2,2,1,12,50954,4246
list-dl-m,4,2,1,24,92590,3857
list-dl-m,8,2,1,48,181522,3781
list-dl-m,12,2,1,72,261558,3632
list-dl-m,2,4,1,24,55787,2324
list-dl-m,4,4,1,48,101395,2112
list-dl-m,8,4,1,96,244268,2544
list-dl-m,12,4,1,144,264918,1839
list-dl-m,2,8,1,48,58003,1208
list-dl-m,4,8,1,96,94262,981
list-dl-m,8,8,1,192,207911,1082
list-dl-m,12,8,1,288,586665,2037
list-dl-m,2,16,1,96,124529,1297
list-dl-m,4,16,1,192,305940,1593
list-dl-m,8,16,1,384,998899,2601
list-dl-m,12,16,1,576,1398755,2428
list-dl-m,2,32,1,192,303819,1582
list-dl-m,4,32,1,384,922920,2403
list-dl-m,8,32,1,768,2750222,3581
list-dl-m,12,32,1,1152,5171012,4488
list-none-s,1,1000,1,3000,3843227,1281
list-none-s,2,1000,1,6000,15009256,2501
list-none-s,4,1000,1,12000,46103933,3841
list-none-s,8,1000,1,24000,220004821,9166
list-none-s,12,1000,1,36000,402091801,11169
list-none-s,16,1000,1,48000,1177696616,24535
list-none-s,24,1000,1,72000,2052746150,28510
list-none-m,1,1000,1,3000,3945183,1315
list-none-m,2,1000,1,6000,25070827,4178
list-none-m,4,1000,1,12000,96041944,8003
list-none-m,8,1000,1,24000,365117751,15213
list-none-m,12,1000,1,36000,838637983,23295
list-none-m,16,1000,1,48000,1545657987,32201
list-none-m,24,1000,1,72000,2951360869,40991
list-none-none,1,10,1,30,62217,2073
list-none-none,1,100,1,300,96143,320
list-none-none,1,1000,1,3000,3871652,1290
list-none-none,1,10000,1,30000,692666779,23088
list-none-none,1,20000,1,60000,3839236086,63987
list-none-none,2,1,1,6,70787,11797
list-none-none,4,1,1,12,87800,7316
list-none-none,8,1,1,24,182930,7622
list-none-none,12,1,1,36,345679,9602
list-none-none,2,10,1,60,60442,1007
list-none-none,4,10,1,120,123773,1031
list-none-none,8,10,1,240,276144,1150
list-none-none,12,10,1,360,330512,918
list-i-none,2,1,1,6,54794,9132
list-i-none,4,1,1,12,111287,9273
list-i-none,8,1,1,24,244152,10173
list-i-none,12,1,1,36,283046,7862
list-i-none,2,2,1,12,52837,4403
list-i-none,4,2,1,24,136330,5680
list-i-none,8,2,1,48,211706,4410
list-i-none,12,2,1,72,262857,3650
list-i-none,2,4,1,24,46919,1954
list-i-none,4,4,1,48,121555,2532
list-i-none,8,4,1,96,218603,2277
list-i-none,12,4,1,144,297194,2063
list-i-none,2,8,1,48,54577,1137
list-i-none,4,8,1,96,105327,1097
list-i-none,8,8,1,192,208441,1085
list-i-none,12,8,1,288,263073,913
list-i-none,2,16,1,96,58549,609
list-i-none,4,16,1,192,124515,648
list-i-none,8,16,1,384,240749,626
list-d-none,2,1,1,6,48188,8031
list-d-none,4,1,1,12,104522,8710
list-d-none,8,1,1,24,197005,8208
list-d-none,12,1,1,36,276818,7689
list-d-none,2,2,1,12,57697,4808
list-d-none,4,2,1,24,107227,4467
list-d-none,8,2,1,48,271561,5657
list-d-none,12,2,1,72,248017,3444
list-d-none,2,4,1,24,56921,2371
list-d-none,4,4,1,48,107395,2237
list-d-none,8,4,1,96,215527,2245
list-d-none,12,4,1,144,252603,1754
list-d-none,2,8,1,48,56870,1184
list-d-none,4,8,1,96,95739,997
list-d-none,8,8,1,192,189732,988
list-d-none,12,8,1,288,280550,974
list-d-none,2,16,1,96,57409,598
list-d-none,4,16,1,192,80114,417
list-d-none,8,16,1,384,236480,615
list-d-none,12,16,1,576,284352,493
list-il-none,2,1,1,6,44056,7342
list-il-none,4,1,1,12,111124,9260
list-il-none,8,1,1,24,205376,8557
list-il-none,12,1,1,36,273894,7608
list-il-none,2,2,1,12,51413,4284
list-il-none,4,2,1,24,91809,3825
list-il-none,8,2,1,48,188074,3918
list-il-none,12,2,1,72,290631,4036
list-il-none,2,4,1,24,50932,2122
list-il-none,8,4,1,96,186295,1940
list-il-none,12,4,1,144,293678,2039
list-dl-none,2,1,1,6,62604,10434
list-dl-none,4,1,1,12,112239,9353
list-dl-none,8,1,1,24,222124,9255
list-dl-none,12,1,1,36,257619,7156
list-dl-none,2,2,1,12,48590,4049
list-dl-none,4,2,1,24,85698,3570
list-dl-none,8,2,1,48,223890,4664
list-dl-none,12,2,1,72,250544,3479
list-dl-none,2,4,1,24,57266,2386
list-dl-none,4,4,1,48,89532,1865
list-dl-none,8,4,1,96,216715,2257
list-dl-none,12,4,1,144,245124,1702
list-dl-none,2,8,1,48,58636,1221
list-dl-none,4,8,1,96,74427,775
list-dl-none,8,8,1,192,235635,1227
list-dl-none,4,16,1,192,132058,687
list-i-s,2,1,1,6,53136,8856
list-i-s,4,1,1,12,92432,7702
list-i-s,8,1,1,24,206524,8605
list-i-s,12,1,1,36,336230,9339
list-i-s,2,2,1,12,50243,4186
list-i-s,4,2,1,24,114385,4766
list-i-s,8,2,1,48,211105,4398
list-i-s,12,2,1,72,268952,3735
list-i-s,2,4,1,24,52595,2191
list-i-s,4,4,1,48,104456,2176
list-i-s,8,4,1,96,207491,2161
list-i-s,12,4,1,144,269544,1871
list-i-s,2,8,1,48,52911,1102
list-i-s,4,8,1,96,7095405,73910
list-i-s,8,8,1,192,193273,1006
list-i-s,12,8,1,288,239323,830
list-i-s,2,16,1,96,67948,707
list-i-s,4,16,1,192,106069,552
list-i-s,8,16,1,384,235681,613
list-i-s,12,16,1,576,326083,566
list-i-s,2,32,1,192,90208,469
list-i-s,4,32,1,384,139327,362
list-i-s,8,32,1,768,5648616,7354
list-i-s,12,32,1,1152,5720134,4965
list-d-s,2,1,1,6,125993,20998
list-d-s,4,1,1,12,92149,7679
list-d-s,8,1,1,24,193654,8068
list-d-s,12,1,1,36,1904395,52899
list-d-s,2,2,1,12,60041,5003
list-d-s,4,2,1,24,96847,4035
list-d-s,8,2,1,48,209542,4365
list-d-s,12,2,1,72,276028,3833
list-d-s,2,4,1,24,56666,2361
list-d-s,4,4,1,48,109103,2272
list-d-s,8,4,1,96,231317,2409
list-d-s,12,4,1,144,271959,1888
list-d-s,2,8,1,48,52855,1101
list-d-s,4,8,1,96,94808,987
list-d-s,8,8,1,192,230767,1201
list-d-s,12,8,1,288,267410,928
list-d-s,2,16,1,96,54260,565
list-d-s,4,16,1,192,81225,423
list-d-s,8,16,1,384,231820,603
list-d-s,12,16,1,576,291197,505
list-d-s,2,32,1,192,83962,437
list-d-s,4,32,1,384,108144,281
list-d-s,8,32,1,768,262072,341
list-d-s,12,32,1,1152,22116985,19198
list-il-s,2,1,1,6,50916,8486
list-il-s,4,1,1,12,106668,8889
list-il-s,8,1,1,24,178569,7440
list-il-s,12,1,1,36,265419,7372
list-il-s,2,2,1,12,54700,4558
list-il-s,4,2,1,24,114245,4760
list-il-s,8,2,1,48,197301,4110
list-il-s,12,2,1,72,254980,3541
list-il-s,2,4,1,24,53886,2245
list-il-s,4,4,1,48,84520,1760
list-il-s,8,4,1,96,214218,2231
list-il-s,12,4,1,144,246950,1714
list-il-s,2,8,1,48,72096,1502
list-il-s,4,8,1,96,120717,1257
list-il-s,8,8,1,192,247457,1288
list-il-s,12,8,1,288,313486,1088
list-il-s,2,16,1,96,87555,912
list-il-s,4,16,1,192,154146,802
list-il-s,8,16,1,384,10730366,27943
list-il-s,12,16,1,576,9957418,17287
list-il-s,2,32,1,192,260239,1355
list-il-s,4,32,1,384,397101,1034
list-il-s,8,32,1,768,4259683,5546
list-il-s,12,32,1,1152,17749077,15407
list-dl-s,2,1,1,6,53011,8835
list-dl-s,4,1,1,12,87223,7268
list-dl-s,8,1,1,24,226477,9436
list-dl-s,12,1,1,36,251387,6982
list-dl-s,2,2,1,12,46486,3873
list-dl-s,4,2,1,24,107260,4469
list-dl-s,8,2,1,48,201240,4192
list-dl-s,12,2,1,72,251320,3490
list-dl-s,2,4,1,24,51786,2157
list-dl-s,4,4,1,48,98651,2055
list-dl-s,8,4,1,96,223860,2331
list-dl-s,12,4,1,144,240631,1671
list-dl-s,2,8,1,48,58125,1210
list-dl-s,4,8,1,96,113328,1180
list-dl-s,8,8,1,192,213560,1112
list-dl-s,12,8,1,288,335564,1165
list-dl-s,2,16,1,96,126433,1317
list-dl-s,4,16,1,192,216387,1127
list-dl-s,8,16,1,384,429784,1119
list-dl-s,12,16,1,576,15609447,27099
list-dl-s,2,32,1,192,182744,951
list-dl-s,4,32,1,384,323950,843
list-dl-s,8,32,1,768,12584070,16385
list-dl-s,12,32,1,1152,5749220,4990
list-i-m,2,1,1,6,52620,8770
list-i-m,4,1,1,12,104310,8692
list-i-m,8,1,1,24,222787,9282
list-i-m,12,1,1,36,253928,7053
list-i-m,2,2,1,12,52222,4351
list-i-m,4,2,1,24,95097,3962
list-i-m,8,2,1,48,162544,3386
list-i-m,12,2,1,72,247580,3438
list-i-m,2,4,1,24,47864,1994
list-i-m,4,4,1,48,95767,1995
list-i-m,8,4,1,96,218185,2272
list-i-m,12,4,1,144,286452,1989
list-i-m,2,8,1,48,52195,1087
list-i-m,4,8,1,96,93505,974
list-i-m,8,8,1,192,201024,1047
list-i-m,12,8,1,288,324121,1125
list-i-m,2,16,1,96,55013,573
list-i-m,4,16,1,192,112621,586
list-i-m,8,16,1,384,245180,638
list-i-m,12,16,1,576,329240,571
list-i-m,2,32,1,192,120495,627
list-i-m,4,32,1,384,220556,574
list-i-m,8,32,1,768,944281,1229
list-i-m,12,32,1,1152,1590223,1380
list-d-m,2,1,1,6,56572,9428
list-d-m,4,1,1,12,106783,8898
list-d-m,8,1,1,24,201921,8413
list-d-m,12,1,1,36,266859,7412
list-d-m,2,2,1,12,52476,4373
list-d-m,4,2,1,24,108951,4539
list-d-m,8,2,1,48,221844,4621
list-d-m,12,2,1,72,280413,3894
list-d-m,2,4,1,24,56316,2346
list-d-m,4,4,1,48,91873,1914
list-d-m,8,4,1,96,195527,2036
list-d-m,12,4,1,144,246441,1711
list-d-m,2,8,1,48,53129,1106
list-d-m,4,8,1,96,92648,965
list-d-m,8,8,1,192,186037,968
list-d-m,12,8,1,288,260799,905
list-d-m,2,16,1,96,57617,600
list-d-m,4,16,1,192,109499,570
list-d-m,8,16,1,384,201031,523
list-d-m,12,16,1,576,289404,502
list-d-m,2,32,1,192,81499,424
list-d-m,4,32,1,384,277484,722
list-d-m,8,32,1,768,794423,1034
list-d-m,12,32,1,1152,1445128,1254
list-il-m,2,1,1,6,51792,8632
list-il-m,4,1,1,12,115874,9656
list-il-m,8,1,1,24,193998,8083
list-il-m,12,1,1,36,265776,7382
list-il-m,2,2,1,12,53106,4425
list-il-m,4,2,1,24,93256,3885
list-il-m,8,2,1,48,227369,4736
list-il-m,12,2,1,72,263886,3665
list-il-m,2,4,1,24,52940,2205
list-il-m,4,4,1,48,76891,1601
list-il-m,8,4,1,96,229028,2385
list-il-m,12,4,1,144,301257,2092
list-il-m,2,8,1,48,82445,1717
list-il-m,4,8,1,96,169233,1762
list-il-m,8,8,1,192,396412,2064
list-il-m,12,8,1,288,733683,2547
list-il-m,2,16,1,96,165704,1726
list-il-m,4,16,1,192,320601,1669
list-il-m,8,16,1,384,1078188,2807
list-il-m,12,16,1,576,1795191,3116
list-il-m,2,32,1,192,375802,1957
list-il-m,4,32,1,384,827594,2155
list-il-m,8,32,1,768,2773729,3611
list-il-m,12,32,1,1152,4631031,4019
list-dl-m,2,1,1,6,50420,8403
list-dl-m,4,1,1,12,98298,8191
list-dl-m,8,1,1,24,188004,7833
list-dl-m,12,1,1,36,247891,6885
list-dl-m,2,2,1,12,50020,4168
list-dl-m,4,2,1,24,90300,3762
list-dl-m,8,2,1,48,192869,4018
list-dl-m,12,2,1,72,260653,3620
list-dl-m,2,4,1,24,49151,2047
list-dl-m,4,4,1,48,97729,2036
list-dl-m,8,4,1,96,212245,2210
list-dl-m,12,4,1,144,285329,1981
list-dl-m,2,8,1,48,57035,1188
list-dl-m,4,8,1,96,176765,1841
list-dl-m,8,8,1,192,378852,1973
list-dl-m,12,8,1,288,334982,1163
list-dl-m,2,16,1,96,157084,1636
list-dl-m,4,16,1,192,324106,1688
list-dl-m,8,16,1,384,943801,2457
list-dl-m,12,16,1,576,1697728,2947
list-dl-m,2,32,1,192,288403,1502
list-dl-m,4,32,1,384,742021,1932
list-dl-m,8,32,1,768,2353997,3065
list-dl-m,12,32,1,1152,4979853,4322
list-none-s,1,1000,1,3000,3852173,1284
list-none-s,2,1000,1,6000,9506869,1584
list-none-s,4,1000,1,12000,64336217,5361
list-none-s,8,1000,1,24000,297573243,12398
list-none-s,12,1000,1,36000,490687237,13630
list-none-s,16,1000,1,48000,1187274091,24734
list-none-s,24,1000,1,72000,3889487076,54020
list-none-m,1,1000,1,3000,3973431,1324
list-none-m,2,1000,1,6000,24476980,4079
list-none-m,4,1000,1,12000,88698925,7391
list-none-m,8,1000,1,24000,370258229,15427
list-none-m,12,1000,1,36000,931096533,25863
list-none-m,16,1000,1,48000,1686858361,35142
list-none-m,24,1000,1,72000,4218051726,58584
